{"sarra@example.com": {"code": "215001", "expiry": 1753918441.7334526, "attempts": 0}, "testuser@autoflow.local": {"code": "480093", "expiry": 1753919867.355274, "attempts": 0}}